{
	"format_version": "1.21.6",
	"credit": "Made with Blockbench",
	"texture_size": [32, 32],
	"textures": {
		"0": "item/coast_armor_trim_smithing_template_hand",
		"particle": "item/coast_armor_trim_smithing_template_hand"
	},
	"elements": [
		{
			"from": [6.5005, 0, 7.9995],
			"to": [13.5005, 7, 7.9995],
			"light_emission": 15,
			"rotation": {"angle": 0, "axis": "y", "origin": [8.5005, 3.25, 8.5]},
			"faces": {
				"north": {"uv": [4, 5, 7.5, 8.5], "texture": "#0"},
				"east": {"uv": [0, 0, 0, 3.5], "texture": "#0"},
				"south": {"uv": [11, 5, 14.5, 8.5], "texture": "#0"},
				"west": {"uv": [0, 0, 0, 3.5], "texture": "#0"},
				"up": {"uv": [0, 3.5, 0, 0], "rotation": 270, "texture": "#0"},
				"down": {"uv": [0, 0, 0, 3.5], "rotation": 90, "texture": "#0"}
			}
		},
		{
			"from": [6.0005, -2, 8.0005],
			"to": [14.0005, 8, 10.0005],
			"rotation": {"angle": 0, "axis": "y", "origin": [8.5005, 3.25, 8.5]},
			"faces": {
				"north": {"uv": [0, 0, 4, 5], "texture": "#0"},
				"east": {"uv": [1, 5, 0, 10], "texture": "#0"},
				"south": {"uv": [4, 0, 8, 5], "texture": "#0"},
				"west": {"uv": [0, 5, 1, 10], "texture": "#0"},
				"up": {"uv": [3, 9, 2, 5], "rotation": 270, "texture": "#0"},
				"down": {"uv": [8, 4, 4, 5], "rotation": 90, "texture": "#0"}
			}
		},
		{
			"from": [5.5005, -1.75, 7.5005],
			"to": [8.5005, 8.25, 10.5005],
			"rotation": {"angle": 0, "axis": "y", "origin": [8.5005, 3.25, 8.5]},
			"faces": {
				"north": {"uv": [8, 0, 9.5, 5], "texture": "#0"},
				"east": {"uv": [3, 8.5, 4.5, 13.5], "texture": "#0"},
				"south": {"uv": [4.5, 8.5, 6, 13.5], "texture": "#0"},
				"west": {"uv": [7.5, 5, 9, 10], "texture": "#0"},
				"up": {"uv": [7.5, 10, 6, 8.5], "rotation": 270, "texture": "#0"},
				"down": {"uv": [2.5, 9, 1, 10.5], "rotation": 90, "texture": "#0"}
			}
		}
	],
	"display": {
		"thirdperson_righthand": {
			"rotation": [0, 90, 0],
			"translation": [0, 1.75, -0.75],
			"scale": [0.7, 0.7, 0.7]
		},
		"thirdperson_lefthand": {
			"rotation": [0, 90, 0],
			"translation": [0, 1.75, -0.75],
			"scale": [0.7, 0.7, 0.7]
		},
		"firstperson_righthand": {
			"rotation": [5.84, 29.5, -24.39],
			"translation": [-1.25, 7, 1.25]
		},
		"firstperson_lefthand": {
			"rotation": [5.84, 29.5, -24.39],
			"translation": [-1.25, 7, 1.25]
		}
	},
	"groups": [
		{
			"name": "trim",
			"origin": [7, 0, 0],
			"color": 0,
			"children": [0, 1, 2]
		}
	]
}