{
  "parent": "item/handheld",
  "textures": {
    "layer0": "minecraft:item/compass_16"
  },
  "overrides": [
    { "predicate": { "pommel:is_held": 1.0, "angle": 0.000000 }, "model": "minecraft:item/compass_16" },
    { "predicate": { "pommel:is_held": 1.0, "angle": 0.015625 }, "model": "minecraft:item/compass_17" },
    { "predicate": { "pommel:is_held": 1.0, "angle": 0.046875 }, "model": "minecraft:item/compass_18" },
    { "predicate": { "pommel:is_held": 1.0, "angle": 0.078125 }, "model": "minecraft:item/compass_19" },
    { "predicate": { "pommel:is_held": 1.0, "angle": 0.109375 }, "model": "minecraft:item/compass_20" },
    { "predicate": { "pommel:is_held": 1.0, "angle": 0.140625 }, "model": "minecraft:item/compass_21" },
    { "predicate": { "pommel:is_held": 1.0, "angle": 0.171875 }, "model": "minecraft:item/compass_22" },
    { "predicate": { "pommel:is_held": 1.0, "angle": 0.203125 }, "model": "minecraft:item/compass_23" },
    { "predicate": { "pommel:is_held": 1.0, "angle": 0.234375 }, "model": "minecraft:item/compass_24" },
    { "predicate": { "pommel:is_held": 1.0, "angle": 0.265625 }, "model": "minecraft:item/compass_25" },
    { "predicate": { "pommel:is_held": 1.0, "angle": 0.296875 }, "model": "minecraft:item/compass_26" },
    { "predicate": { "pommel:is_held": 1.0, "angle": 0.328125 }, "model": "minecraft:item/compass_27" },
    { "predicate": { "pommel:is_held": 1.0, "angle": 0.359375 }, "model": "minecraft:item/compass_28" },
    { "predicate": { "pommel:is_held": 1.0, "angle": 0.390625 }, "model": "minecraft:item/compass_29" },
    { "predicate": { "pommel:is_held": 1.0, "angle": 0.421875 }, "model": "minecraft:item/compass_30" },
    { "predicate": { "pommel:is_held": 1.0, "angle": 0.453125 }, "model": "minecraft:item/compass_31" },
    { "predicate": { "pommel:is_held": 1.0, "angle": 0.484375 }, "model": "minecraft:item/compass_00" },
    { "predicate": { "pommel:is_held": 1.0, "angle": 0.515625 }, "model": "minecraft:item/compass_01" },
    { "predicate": { "pommel:is_held": 1.0, "angle": 0.546875 }, "model": "minecraft:item/compass_02" },
    { "predicate": { "pommel:is_held": 1.0, "angle": 0.578125 }, "model": "minecraft:item/compass_03" },
    { "predicate": { "pommel:is_held": 1.0, "angle": 0.609375 }, "model": "minecraft:item/compass_04" },
    { "predicate": { "pommel:is_held": 1.0, "angle": 0.640625 }, "model": "minecraft:item/compass_05" },
    { "predicate": { "pommel:is_held": 1.0, "angle": 0.671875 }, "model": "minecraft:item/compass_06" },
    { "predicate": { "pommel:is_held": 1.0, "angle": 0.703125 }, "model": "minecraft:item/compass_07" },
    { "predicate": { "pommel:is_held": 1.0, "angle": 0.734375 }, "model": "minecraft:item/compass_08" },
    { "predicate": { "pommel:is_held": 1.0, "angle": 0.765625 }, "model": "minecraft:item/compass_09" },
    { "predicate": { "pommel:is_held": 1.0, "angle": 0.796875 }, "model": "minecraft:item/compass_10" },
    { "predicate": { "pommel:is_held": 1.0, "angle": 0.828125 }, "model": "minecraft:item/compass_11" },
    { "predicate": { "pommel:is_held": 1.0, "angle": 0.859375 }, "model": "minecraft:item/compass_12" },
    { "predicate": { "pommel:is_held": 1.0, "angle": 0.890625 }, "model": "minecraft:item/compass_13" },
    { "predicate": { "pommel:is_held": 1.0, "angle": 0.921875 }, "model": "minecraft:item/compass_14" },
    { "predicate": { "pommel:is_held": 1.0, "angle": 0.953125 }, "model": "minecraft:item/compass_15" },
    { "predicate": { "pommel:is_held": 1.0, "angle": 0.984375 }, "model": "minecraft:item/compass_16" }
  ]
}
