{
	"format_version": "1.21.6",
	"credit": "Made with Blockbench",
	"texture_size": [32, 32],
	"textures": {
		"1": "item/fire_charge_hand"
	},
	"elements": [
		{
			"from": [5, -1.5, 5],
			"to": [11, 4.5, 11],
			"light_emission": 15,
			"rotation": {"angle": 0, "axis": "y", "origin": [11, -1.5, 5]},
			"faces": {
				"north": {"uv": [3.5, 7, 6.5, 10], "texture": "#1"},
				"east": {"uv": [7, 3.5, 10, 6.5], "texture": "#1"},
				"south": {"uv": [3.5, 7, 6.5, 10], "texture": "#1"},
				"west": {"uv": [7, 3.5, 10, 6.5], "texture": "#1"},
				"up": {"uv": [9.5, 10, 6.5, 7], "texture": "#1"},
				"down": {"uv": [6.5, 7, 9.5, 10], "texture": "#1"}
			}
		},
		{
			"from": [4.75, -1.75, 4.75],
			"to": [11.25, 4.75, 11.25],
			"light_emission": 15,
			"rotation": {"angle": 0, "axis": "y", "origin": [11, -1.5, 5]},
			"faces": {
				"north": {"uv": [0, 0, 3.5, 3.5], "texture": "#1"},
				"east": {"uv": [0, 3.5, 3.5, 7], "texture": "#1"},
				"south": {"uv": [0, 0, 3.5, 3.5], "texture": "#1"},
				"west": {"uv": [3.5, 3.5, 0, 7], "texture": "#1"},
				"up": {"uv": [7, 3.5, 3.5, 0], "texture": "#1"},
				"down": {"uv": [3.5, 0, 7, 3.5], "texture": "#1"}
			}
		},
		{
			"name": "cube_outline",
			"from": [11.2, 4.7, 11.2],
			"to": [4.8, -1.7, 4.8],
			"rotation": {"angle": 0, "axis": "y", "origin": [11, -1.5, 5]},
			"faces": {
				"north": {"uv": [9.5, 6.5, 12.5, 9.5], "texture": "#1"},
				"east": {"uv": [9.5, 9.5, 12.5, 12.5], "texture": "#1"},
				"south": {"uv": [9.5, 6.5, 12.5, 9.5], "texture": "#1"},
				"west": {"uv": [9.5, 9.5, 12.5, 12.5], "texture": "#1"},
				"up": {"uv": [6.5, 13, 3.5, 10], "texture": "#1"},
				"down": {"uv": [3.5, 13, 6.5, 10], "texture": "#1"}
			}
		},
		{
			"name": "cube_outline",
			"from": [11.45, 4.95, 11.45],
			"to": [4.55, -1.95, 4.55],
			"rotation": {"angle": 0, "axis": "y", "origin": [11, -1.5, 5]},
			"faces": {
				"north": {"uv": [3.5, 3.5, 7, 7], "texture": "#1"},
				"east": {"uv": [0, 7, 3.5, 10.5], "texture": "#1"},
				"south": {"uv": [3.5, 3.5, 7, 7], "texture": "#1"},
				"west": {"uv": [0, 7, 3.5, 10.5], "texture": "#1"},
				"up": {"uv": [10.5, 3.5, 7, 0], "texture": "#1"},
				"down": {"uv": [7, 3.5, 10.5, 0], "texture": "#1"}
			}
		}
	],
	"display": {
		"thirdperson_righthand": {
			"rotation": [0, 138, 0],
			"translation": [0, 3.75, 1],
			"scale": [0.53, 0.53, 0.53]
		},
		"thirdperson_lefthand": {
			"rotation": [0, 138, 0],
			"translation": [0, 3.75, 1],
			"scale": [0.53, 0.53, 0.53]
		},
		"firstperson_righthand": {
			"rotation": [168.42, 76.25, 170.38],
			"translation": [0.75, 7, 1.25],
			"scale": [0.7, 0.7, 0.7]
		},
		"firstperson_lefthand": {
			"rotation": [168.42, 76.25, 170.38],
			"translation": [0.75, 7, 1.25],
			"scale": [0.7, 0.7, 0.7]
		},
		"ground": {
			"translation": [0, 4, 0],
			"scale": [0.7, 0.7, 0.7]
		},
		"gui": {
			"rotation": [30, 135, 0],
			"translation": [0, 6.75, 0],
			"scale": [1.5, 1.5, 1.5]
		},
		"head": {
			"translation": [0, 7.75, 0]
		}
	},
	"groups": [
		{
			"name": "fireball",
			"origin": [8, 8, 8],
			"color": 0,
			"children": [0, 1, 2, 3]
		}
	]
}