{
	"format_version": "1.21.6",
	"credit": "Made with Blockbench",
	"textures": {
		"0": "item/ink_sac_hand",
		"particle": "item/ink_sac_hand"
	},
	"elements": [
		{
			"from": [5.5, 1, 5],
			"to": [11.5, 4, 9],
			"rotation": {"angle": 0, "axis": "y", "origin": [9.5, 1, 6]},
			"faces": {
				"north": {"uv": [6, 6, 12, 9], "texture": "#0"},
				"east": {"uv": [8, 0, 12, 3], "texture": "#0"},
				"south": {"uv": [0, 6, 6, 9], "texture": "#0"},
				"west": {"uv": [8, 3, 12, 6], "texture": "#0"},
				"up": {"uv": [4, 6, 0, 0], "rotation": 90, "texture": "#0"},
				"down": {"uv": [8, 0, 4, 6], "rotation": 270, "texture": "#0"}
			}
		},
		{
			"from": [4.5, 2, 6],
			"to": [6.5, 4, 8],
			"rotation": {"angle": -22.5, "axis": "z", "origin": [6.5, 4, 6]},
			"faces": {
				"north": {"uv": [12, 2, 14, 4], "rotation": 90, "texture": "#0"},
				"east": {"uv": [14, 4, 12, 6], "rotation": 180, "texture": "#0"},
				"south": {"uv": [12, 0, 14, 2], "rotation": 270, "texture": "#0"},
				"west": {"uv": [6, 14, 4, 12], "texture": "#0"},
				"up": {"uv": [0, 12, 2, 14], "rotation": 270, "texture": "#0"},
				"down": {"uv": [2, 12, 4, 14], "rotation": 270, "texture": "#0"}
			}
		},
		{
			"from": [3.35, 1.65, 5.55],
			"to": [5.35, 4.65, 8.55],
			"rotation": {"angle": -22.5, "axis": "z", "origin": [6.35, 3.65, 6.55]},
			"faces": {
				"north": {"uv": [9, 11, 12, 13], "rotation": 90, "texture": "#0"},
				"east": {"uv": [6, 9, 3, 12], "rotation": 180, "texture": "#0"},
				"south": {"uv": [9, 9, 12, 11], "rotation": 270, "texture": "#0"},
				"west": {"uv": [3, 12, 0, 9], "texture": "#0"},
				"up": {"uv": [6, 9, 9, 11], "rotation": 270, "texture": "#0"},
				"down": {"uv": [6, 11, 9, 13], "rotation": 270, "texture": "#0"}
			}
		}
	],
	"display": {
		"thirdperson_righthand": {
			"translation": [-0.25, 5.25, 3],
			"scale": [0.75, 0.75, 0.75]
		},
		"thirdperson_lefthand": {
			"translation": [-0.25, 5.25, 3],
			"scale": [0.75, 0.75, 0.75]
		},
		"firstperson_righthand": {
			"rotation": [168.42, 76.25, 170.38],
			"translation": [0.75, 7, 1.25]
		},
		"firstperson_lefthand": {
			"rotation": [168.42, 76.25, 170.38],
			"translation": [0.75, 7, 1.25]
		}
	},
	"groups": [
		{
			"name": "ink_sac",
			"origin": [7.5, 3.5, 8.85],
			"color": 0,
			"children": [0, 1, 2]
		}
	]
}