{
	"format_version": "1.21.6",
	"credit": "Made with Blockbench",
	"textures": {
		"0": "item/mojang_banner_pattern_hand",
		"particle": "item/mojang_banner_pattern_hand"
	},
	"elements": [
		{
			"from": [4, 7.75, 8],
			"to": [12, 9.75, 10],
			"rotation": {"angle": 0, "axis": "y", "origin": [8, 4.75, 9]},
			"faces": {
				"north": {"uv": [8, 0, 16, 2], "texture": "#0"},
				"east": {"uv": [10, 10, 8, 12], "texture": "#0"},
				"south": {"uv": [8, 4, 16, 2], "texture": "#0"},
				"west": {"uv": [8, 10, 10, 12], "texture": "#0"},
				"up": {"uv": [16, 0, 8, 2], "texture": "#0"},
				"down": {"uv": [16, 2, 8, 4], "texture": "#0"}
			}
		},
		{
			"from": [4, -0.25, 10],
			"to": [12, 7.75, 10],
			"rotation": {"angle": 0, "axis": "y", "origin": [8, 4.75, 9]},
			"faces": {
				"north": {"uv": [0, 0, 8, 8], "texture": "#0"},
				"east": {"uv": [0, 0, 0, 8], "texture": "#0"},
				"south": {"uv": [0, 0, 8, 8], "texture": "#0"},
				"west": {"uv": [0, 0, 0, 8], "texture": "#0"},
				"up": {"uv": [8, 0, 0, 0], "texture": "#0"},
				"down": {"uv": [8, 0, 0, 0], "texture": "#0"}
			}
		},
		{
			"from": [12, 7.75, 8],
			"to": [13, 9.75, 10],
			"rotation": {"angle": 0, "axis": "y", "origin": [8, 4.75, 9]},
			"faces": {
				"north": {"uv": [4, 8, 5, 10], "texture": "#0"},
				"east": {"uv": [0, 8, 2, 10], "texture": "#0"},
				"south": {"uv": [8, 4, 9, 6], "texture": "#0"},
				"west": {"uv": [2, 8, 4, 10], "texture": "#0"},
				"up": {"uv": [6, 10, 5, 8], "texture": "#0"},
				"down": {"uv": [7, 8, 6, 10], "texture": "#0"}
			}
		},
		{
			"from": [3, 7.75, 8],
			"to": [4, 9.75, 10],
			"rotation": {"angle": 0, "axis": "y", "origin": [-1, 4.75, 9]},
			"faces": {
				"north": {"uv": [4, 8, 5, 10], "texture": "#0"},
				"east": {"uv": [0, 8, 2, 10], "texture": "#0"},
				"south": {"uv": [8, 4, 9, 6], "texture": "#0"},
				"west": {"uv": [2, 8, 4, 10], "texture": "#0"},
				"up": {"uv": [6, 10, 5, 8], "texture": "#0"},
				"down": {"uv": [7, 8, 6, 10], "texture": "#0"}
			}
		}
	],
	"display": {
		"thirdperson_righthand": {
			"rotation": [69, 0, 0],
			"translation": [0, -0.75, -0.75],
			"scale": [0.8, 0.8, 0.8]
		},
		"thirdperson_lefthand": {
			"rotation": [69, 0, 0],
			"translation": [0, -0.75, -0.75],
			"scale": [0.8, 0.8, 0.8]
		},
		"firstperson_righthand": {
			"rotation": [168.42, 76.25, 170.38],
			"translation": [-1, -1.5, -1.25]
		},
		"firstperson_lefthand": {
			"rotation": [168.42, 76.25, 170.38],
			"translation": [-1, -1.5, -1.25]
		}
	},
	"groups": [
		{
			"name": "pattern",
			"origin": [8, -5, 8],
			"color": 0,
			"children": [0, 1, 2, 3]
		}
	]
}