{
	"format_version": "1.21.6",
	"credit": "Made with Blockbench",
	"texture_size": [32, 32],
	"textures": {
		"2": "item/slime_hand"
	},
	"elements": [
		{
			"from": [6, 2, 6],
			"to": [10, 6, 10],
			"rotation": {"angle": 0, "axis": "y", "origin": [8, 1, 8]},
			"faces": {
				"north": {"uv": [3, 6, 5, 8], "texture": "#2"},
				"east": {"uv": [6, 3, 8, 5], "texture": "#2"},
				"south": {"uv": [5, 6, 7, 8], "texture": "#2"},
				"west": {"uv": [7, 5, 9, 7], "texture": "#2"},
				"up": {"uv": [9, 9, 7, 7], "texture": "#2"},
				"down": {"uv": [5, 8, 3, 10], "texture": "#2"}
			}
		},
		{
			"from": [5, 1, 5],
			"to": [11, 7, 11],
			"rotation": {"angle": 0, "axis": "y", "origin": [8, 1, 8]},
			"faces": {
				"north": {"uv": [0, 0, 3, 3], "texture": "#2"},
				"east": {"uv": [0, 3, 3, 6], "texture": "#2"},
				"south": {"uv": [3, 0, 6, 3], "texture": "#2"},
				"west": {"uv": [3, 3, 6, 6], "texture": "#2"},
				"up": {"uv": [3, 9, 0, 6], "texture": "#2"},
				"down": {"uv": [9, 0, 6, 3], "texture": "#2"}
			}
		},
		{
			"name": "cube_outline",
			"from": [10.2, 6.2, 10.2],
			"to": [5.8, 1.8, 5.8],
			"rotation": {"angle": 0, "axis": "y", "origin": [8, 1, 8]},
			"faces": {
				"north": {"uv": [8, 3, 10, 5], "texture": "#2"},
				"east": {"uv": [5, 8, 7, 10], "texture": "#2"},
				"south": {"uv": [0, 9, 2, 11], "texture": "#2"},
				"west": {"uv": [9, 0, 11, 2], "texture": "#2"},
				"up": {"uv": [11, 7, 9, 5], "texture": "#2"},
				"down": {"uv": [9, 9, 7, 11], "texture": "#2"}
			}
		}
	],
	"display": {
		"thirdperson_righthand": {
			"translation": [0, 2.25, 0.25],
			"scale": [0.6, 0.6, 0.6]
		},
		"thirdperson_lefthand": {
			"translation": [0, 2.25, 0.25],
			"scale": [0.6, 0.6, 0.6]
		},
		"firstperson_righthand": {
			"rotation": [168.42, 76.25, 170.38],
			"translation": [0.75, 7, 1.25],
			"scale": [0.8, 0.8, 0.8]
		},
		"firstperson_lefthand": {
			"rotation": [168.42, 76.25, 170.38],
			"translation": [0.75, 7, 1.25],
			"scale": [0.8, 0.8, 0.8]
		},
		"ground": {
			"translation": [0, 4, 0],
			"scale": [0.7, 0.7, 0.7]
		},
		"gui": {
			"rotation": [30, -45, 0],
			"translation": [0, 5.25, 0],
			"scale": [1.5, 1.5, 1.5]
		},
		"head": {
			"translation": [0, 7.75, 0]
		}
	},
	"groups": [
		{
			"name": "slime",
			"origin": [8, 8, 8],
			"color": 0,
			"children": [0, 1, 2]
		}
	]
}