{
	"format_version": "1.21.6",
	"credit": "Made with Blockbench",
	"texture_size": [32, 32],
	"textures": {
		"0": "item/string_hand",
		"particle": "item/string_hand"
	},
	"elements": [
		{
			"from": [6, 2, 6],
			"to": [10, 7, 10],
			"rotation": {"angle": 0, "axis": "y", "origin": [8, 4.5, 8]},
			"faces": {
				"north": {"uv": [4.5, 5, 6.5, 7.5], "texture": "#0"},
				"east": {"uv": [6.5, 5, 8.5, 7.5], "texture": "#0"},
				"south": {"uv": [4.5, 5, 6.5, 7.5], "texture": "#0"},
				"west": {"uv": [4.5, 5, 6.5, 7.5], "texture": "#0"},
				"up": {"uv": [9, 4.5, 7, 2.5], "rotation": 180, "texture": "#0"},
				"down": {"uv": [2, 7.5, 0, 9.5], "rotation": 180, "texture": "#0"}
			}
		},
		{
			"from": [5.5, 7, 5.5],
			"to": [10.5, 9, 10.5],
			"rotation": {"angle": 0, "axis": "z", "origin": [8, 8, 8]},
			"faces": {
				"north": {"uv": [9, 8.5, 11.5, 9.5], "texture": "#0"},
				"east": {"uv": [9.5, 2, 12, 3], "texture": "#0"},
				"south": {"uv": [9.5, 3, 12, 4], "texture": "#0"},
				"west": {"uv": [9.5, 5.5, 12, 6.5], "texture": "#0"},
				"up": {"uv": [2.5, 2.5, 0, 0], "texture": "#0"},
				"down": {"uv": [2.5, 2.5, 0, 5], "texture": "#0"}
			}
		},
		{
			"from": [5.5, 0, 5.5],
			"to": [10.5, 2, 10.5],
			"rotation": {"angle": 0, "axis": "z", "origin": [8, 1, 8]},
			"faces": {
				"north": {"uv": [9, 8.5, 11.5, 9.5], "rotation": 180, "texture": "#0"},
				"east": {"uv": [9.5, 5.5, 12, 6.5], "rotation": 180, "texture": "#0"},
				"south": {"uv": [9.5, 3, 12, 4], "rotation": 180, "texture": "#0"},
				"west": {"uv": [9.5, 2, 12, 3], "rotation": 180, "texture": "#0"},
				"up": {"uv": [2.5, 2.5, 0, 5], "rotation": 180, "texture": "#0"},
				"down": {"uv": [2.5, 2.5, 0, 0], "rotation": 180, "texture": "#0"}
			}
		},
		{
			"from": [5.75, 2, 5.75],
			"to": [10.25, 7, 10.25],
			"rotation": {"angle": 0, "axis": "y", "origin": [8, 4.5, 8]},
			"faces": {
				"north": {"uv": [2.5, 0, 5, 2.5], "texture": "#0"},
				"east": {"uv": [2.5, 2.5, 5, 5], "texture": "#0"},
				"south": {"uv": [2.5, 0, 5, 2.5], "texture": "#0"},
				"west": {"uv": [2.5, 2.5, 5, 5], "texture": "#0"},
				"up": {"uv": [2.5, 7.5, 0, 5], "rotation": 180, "texture": "#0"},
				"down": {"uv": [7.5, 0, 5, 2.5], "rotation": 180, "texture": "#0"}
			}
		},
		{
			"from": [9, -0.75, 4.75],
			"to": [10, 2.25, 6.75],
			"rotation": {"angle": 0, "axis": "y", "origin": [8, 0.25, 2.75]},
			"faces": {
				"north": {"uv": [8, 8.5, 8.5, 9.5], "texture": "#0"},
				"east": {"uv": [8.5, 5.5, 9.5, 6.5], "texture": "#0"},
				"south": {"uv": [8.5, 8.5, 9, 9.5], "texture": "#0"},
				"west": {"uv": [8.5, 6.5, 9.5, 7.5], "texture": "#0"},
				"up": {"uv": [9.5, 3, 9, 2], "texture": "#0"},
				"down": {"uv": [9.5, 3, 9, 4], "texture": "#0"}
			}
		}
	],
	"display": {
		"thirdperson_righthand": {
			"translation": [-0.5, 4, 0],
			"scale": [0.6, 0.6, 0.6]
		},
		"thirdperson_lefthand": {
			"translation": [0.75, 4, 0],
			"scale": [0.6, 0.6, 0.6]
		},
		"firstperson_righthand": {
			"rotation": [168.42, 76.25, 170.38],
			"translation": [0.75, 5.5, 0.75],
			"scale": [0.6, 0.6, 0.6]
		},
		"firstperson_lefthand": {
			"rotation": [168.42, 76.25, 170.38],
			"translation": [0.75, 5.5, 0.25],
			"scale": [0.6, 0.6, 0.6]
		}
	},
	"groups": [
		{
			"name": "string",
			"origin": [5, 0, 3],
			"color": 0,
			"children": [0, 1, 2, 3]
		},
		4
	]
}