{
	"credit": "Made with Blockbench",
	"parent": "block/block",
	"ambientocclusion": false,
	"textures": {
		"post": "#texture",
		"particle": "#texture",
		"planks": "#texture"
	},
	"elements": [
		{
			"name": "Left post",
			"from": [6, 0, 0],
			"to": [10, 16, 4],
			"faces": {
				"north": {"uv": [6, 0, 10, 16], "texture": "#post"},
				"east": {"uv": [6, 0, 10, 16], "texture": "#post"},
				"south": {"uv": [6, 0, 10, 16], "texture": "#post"},
				"west": {"uv": [6, 0, 10, 16], "texture": "#post"},
				"up": {"uv": [2, 12, 6, 16], "texture": "#post"},
				"down": {"uv": [6, 0, 10, 4], "texture": "#post", "cullface": "down"}
			}
		},
		{
			"name": "Right post",
			"from": [6, 0, 12],
			"to": [10, 16, 16],
			"faces": {
				"north": {"uv": [6, 0, 10, 16], "texture": "#post"},
				"east": {"uv": [6, 0, 10, 16], "texture": "#post"},
				"south": {"uv": [6, 0, 10, 16], "texture": "#post"},
				"west": {"uv": [6, 0, 10, 16], "texture": "#post"},
				"up": {"uv": [2, 12, 6, 16], "texture": "#post"},
				"down": {"uv": [6, 12, 10, 16], "texture": "#post", "cullface": "down"}
			}
		},
		{
			"name": "Top bar",
			"from": [7, 13, -2],
			"to": [9, 15, 18],
			"faces": {
				"north": {"uv": [7, 1, 9, 3], "texture": "#planks"},
				"east": {"uv": [8, 0, 10, 16], "rotation": 90, "texture": "#planks"},
				"south": {"uv": [7, 1, 9, 3], "texture": "#planks"},
				"west": {"uv": [6, 0, 8, 16], "rotation": 270, "texture": "#planks"},
				"up": {"uv": [7, 0, 9, 16], "texture": "#planks"},
				"down": {"uv": [14, 0, 16, 16], "texture": "#planks"}
			}
		},
		{
			"name": "Lower bar",
			"from": [7, 5, -2],
			"to": [9, 7, 18],
			"faces": {
				"north": {"uv": [7, 9, 9, 11], "texture": "#planks"},
				"east": {"uv": [8, 0, 10, 16], "rotation": 90, "texture": "#planks"},
				"south": {"uv": [7, 9, 9, 11], "texture": "#planks"},
				"west": {"uv": [6, 0, 8, 16], "rotation": 270, "texture": "#planks"},
				"up": {"uv": [7, 0, 9, 16], "texture": "#planks"},
				"down": {"uv": [7, 0, 9, 16], "texture": "#planks"}
			}
		}
	],
	"display": {
		"gui": {
			"rotation": [30, 135, 0],
			"scale": [0.625, 0.625, 0.625]
		},
		"fixed": {
			"rotation": [0, 90, 0],
			"scale": [0.5, 0.5, 0.5]
		}
	}
}